csv_row,isbn13,label,source,status,fields_found,fields_total,missing_fields,covers_written,reviews_written,genres_written,blurb_chars,warnings,book_url,error,out_dir
9496,9783518398906,,kobo,blocked,0,7,title; authors; publisher; origin; date_of_publication; language; genres,0,0,0,0,10,,,data
9497,9780373273263,,kobo,blocked,0,7,title; authors; publisher; origin; date_of_publication; language; genres,0,0,0,0,10,,,data
9498,9780345314307,,kobo,blocked,0,7,title; authors; publisher; origin; date_of_publication; language; genres,0,0,0,0,10,,,data
9499,9780312152345,,kobo,skipped,0,0,,0,0,0,0,1,,,data
9500,9780451122667,,kobo,blocked,0,7,title; authors; publisher; origin; date_of_publication; language; genres,0,0,0,0,10,,,data
9501,9780679448587,,kobo,blocked,0,7,title; authors; publisher; origin; date_of_publication; language; genres,0,0,0,0,10,,,data
9502,9780373242276,,kobo,skipped,0,0,,0,0,0,0,1,,,data
9503,9780805058369,,kobo,skipped,0,0,,0,0,0,0,1,,,data
9504,9780373241712,,kobo,skipped,0,0,,0,0,0,0,1,,,data
9505,9780440983750,,kobo,skipped,0,0,,0,0,0,0,1,,,data
9506,9780373094233,,kobo,blocked,0,7,title; authors; publisher; origin; date_of_publication; language; genres,0,0,0,0,10,,,data
9507,9780373270620,,kobo,skipped,0,0,,0,0,0,0,1,,,data
9508,9780373059430,,kobo,blocked,0,7,title; authors; publisher; origin; date_of_publication; language; genres,0,0,0,0,10,,,data
9509,9780373195909,,kobo,skipped,0,0,,0,0,0,0,1,,,data
9510,9780553294583,,kobo,skipped,0,0,,0,0,0,0,1,,,data
9511,9781853261534,,kobo,skipped,0,0,,0,0,0,0,1,,,data
9512,9780060972882,,kobo,skipped,0,0,,0,0,0,0,1,,,data
9513,9781899791378,,kobo,skipped,0,0,,0,0,0,0,1,,,data
9514,9780062592378,,kobo,blocked,0,7,title; authors; publisher; origin; date_of_publication; language; genres,0,0,0,0,10,,,data
9515,9780830813780,,kobo,blocked,0,7,title; authors; publisher; origin; date_of_publication; language; genres,0,0,0,0,10,,,data
9516,9780425053508,,kobo,skipped,0,0,,0,0,0,0,1,,,data
9517,9780802809704,,kobo,blocked,0,7,title; authors; publisher; origin; date_of_publication; language; genres,0,0,0,0,10,,,data
9518,9780393318555,,kobo,skipped,0,0,,0,0,0,0,1,,,data
9519,9780830819799,,kobo,blocked,0,7,title; authors; publisher; origin; date_of_publication; language; genres,0,0,0,0,10,,,data
9520,9780749918514,,kobo,blocked,0,7,title; authors; publisher; origin; date_of_publication; language; genres,0,0,0,0,10,,,data
9521,9781565122031,,kobo,skipped,0,0,,0,0,0,0,1,,,data
9522,9780553146509,,kobo,skipped,0,0,,0,0,0,0,1,,,data
9523,9780373032778,,kobo,blocked,0,7,title; authors; publisher; origin; date_of_publication; language; genres,0,0,0,0,10,,,data
9524,9780914101024,,kobo,blocked,0,7,title; authors; publisher; origin; date_of_publication; language; genres,0,0,0,0,10,,,data
9525,9780373764099,,kobo,skipped,0,0,,0,0,0,0,1,,,data
9526,9781857026740,,kobo,blocked,0,7,title; authors; publisher; origin; date_of_publication; language; genres,0,0,0,0,10,,,data
9527,9780373151547,,kobo,blocked,0,7,title; authors; publisher; origin; date_of_publication; language; genres,0,0,0,0,10,,,data
9528,9780373258833,,kobo,blocked,0,7,title; authors; publisher; origin; date_of_publication; language; genres,0,0,0,0,10,,,data
9529,9780749931483,,kobo,skipped,0,0,,0,0,0,0,1,,,data
9531,9780352324344,,kobo,blocked,0,7,title; authors; publisher; origin; date_of_publication; language; genres,0,0,0,0,10,,,data
9532,9780752261942,,kobo,blocked,0,7,title; authors; publisher; origin; date_of_publication; language; genres,0,0,0,0,10,,,data
9533,9780679745358,,kobo,skipped,0,0,,0,0,0,0,1,,,data
9534,9780385318730,,kobo,skipped,0,0,,0,0,0,0,1,,,data
9535,9780586087862,,kobo,skipped,0,0,,0,0,0,0,1,,,data
9536,9781558175600,,kobo,blocked,0,7,title; authors; publisher; origin; date_of_publication; language; genres,0,0,0,0,10,,,data
9537,9780671735814,,kobo,blocked,0,7,title; authors; publisher; origin; date_of_publication; language; genres,0,0,0,0,10,,,data
9538,9780380548743,,kobo,blocked,0,7,title; authors; publisher; origin; date_of_publication; language; genres,0,0,0,0,10,,,data
9539,9780713632316,,kobo,skipped,0,0,,0,0,0,0,1,,,data
9540,9780373440313,,kobo,skipped,0,0,,0,0,0,0,1,,,data
9541,9780895262370,,kobo,skipped,0,0,,0,0,0,0,1,,,data
9542,9780812554625,,kobo,blocked,0,7,title; authors; publisher; origin; date_of_publication; language; genres,0,0,0,0,10,,,data
9543,9780312968106,,kobo,skipped,0,0,,0,0,0,0,1,,,data
9544,9780445206182,,kobo,skipped,0,0,,0,0,0,0,1,,,data
9545,9781587541162,,kobo,skipped,0,0,,0,0,0,0,1,,,data
9546,9780312951580,,kobo,skipped,0,0,,0,0,0,0,1,,,data
9547,9780671653514,,kobo,skipped,0,0,,0,0,0,0,1,,,data
9548,9780373762095,,kobo,skipped,0,0,,0,0,0,0,1,,,data
9549,9780553289862,,kobo,skipped,0,0,,0,0,0,0,1,,,data
9550,9780425031742,,kobo,skipped,0,0,,0,0,0,0,1,,,data
9551,9780452264076,,kobo,blocked,0,7,title; authors; publisher; origin; date_of_publication; language; genres,0,0,0,0,10,,,data
9552,9781560728917,,kobo,blocked,0,7,title; authors; publisher; origin; date_of_publication; language; genres,0,0,0,0,10,,,data
9553,9780553259919,,kobo,skipped,0,0,,0,0,0,0,1,,,data
9554,9780385069502,,kobo,blocked,0,7,title; authors; publisher; origin; date_of_publication; language; genres,0,0,0,0,10,,,data
9555,9780345343345,,kobo,skipped,0,0,,0,0,0,0,1,,,data
9556,9780821737422,,kobo,blocked,0,7,title; authors; publisher; origin; date_of_publication; language; genres,0,0,0,0,10,,,data
9557,9780380798858,,kobo,skipped,0,0,,0,0,0,0,1,,,data
9558,9780553230574,,kobo,skipped,0,0,,0,0,0,0,1,,,data
9559,9780758205957,,kobo,blocked,0,7,title; authors; publisher; origin; date_of_publication; language; genres,0,0,0,0,10,,,data
9560,9781895688597,,kobo,blocked,0,7,title; authors; publisher; origin; date_of_publication; language; genres,0,0,0,0,10,,,data
9561,9780373079148,,kobo,skipped,0,0,,0,0,0,0,1,,,data
9562,9780446692465,,kobo,skipped,0,0,,0,0,0,0,1,,,data
9563,9780380897100,,kobo,blocked,0,7,title; authors; publisher; origin; date_of_publication; language; genres,0,0,0,0,10,,,data
9564,9780393313611,,kobo,skipped,0,0,,0,0,0,0,1,,,data
9565,9780441071814,,kobo,skipped,0,0,,0,0,0,0,1,,,data
9566,9780373258796,,kobo,blocked,0,7,title; authors; publisher; origin; date_of_publication; language; genres,0,0,0,0,10,,,data
9567,9783548254074,,kobo,blocked,0,7,title; authors; publisher; origin; date_of_publication; language; genres,0,0,0,0,10,,,data
9568,9781559720373,,kobo,blocked,0,7,title; authors; publisher; origin; date_of_publication; language; genres,0,0,0,0,10,,,data
9569,9780821762936,,kobo,blocked,0,7,title; authors; publisher; origin; date_of_publication; language; genres,0,0,0,0,10,,,data
9570,9780446314213,,kobo,blocked,0,7,title; authors; publisher; origin; date_of_publication; language; genres,0,0,0,0,10,,,data
9571,9780373520718,,kobo,skipped,0,0,,0,0,0,0,1,,,data
9572,9780345012517,,kobo,skipped,0,0,,0,0,0,0,1,,,data
9573,9780373765775,,kobo,skipped,0,0,,0,0,0,0,1,,,data
9574,9780373765553,,kobo,skipped,0,0,,0,0,0,0,1,,,data
9575,9780821745854,,kobo,blocked,0,7,title; authors; publisher; origin; date_of_publication; language; genres,0,0,0,0,10,,,data
9576,9780671501143,,kobo,skipped,0,0,,0,0,0,0,1,,,data
9577,9780821753101,,kobo,skipped,0,0,,0,0,0,0,1,,,data
9578,9780374132774,,kobo,skipped,0,0,,0,0,0,0,1,,,data
9579,9780425194188,,kobo,skipped,0,0,,0,0,0,0,1,,,data
9580,9780689317460,,kobo,blocked,0,7,title; authors; publisher; origin; date_of_publication; language; genres,0,0,0,0,10,,,data
9581,9780373292660,,kobo,skipped,0,0,,0,0,0,0,1,,,data
9582,9788484370048,,kobo,blocked,0,7,title; authors; publisher; origin; date_of_publication; language; genres,0,0,0,0,10,,,data
9583,9780373484768,,kobo,blocked,0,7,title; authors; publisher; origin; date_of_publication; language; genres,0,0,0,0,10,,,data
9584,9780380770229,,kobo,blocked,0,7,title; authors; publisher; origin; date_of_publication; language; genres,0,0,0,0,10,,,data
9585,9780373242146,,kobo,blocked,0,7,title; authors; publisher; origin; date_of_publication; language; genres,0,0,0,0,10,,,data
9586,9780449146538,,kobo,blocked,0,7,title; authors; publisher; origin; date_of_publication; language; genres,0,0,0,0,10,,,data
9587,9780449220573,,kobo,blocked,0,7,title; authors; publisher; origin; date_of_publication; language; genres,0,0,0,0,10,,,data
9588,9788320530711,,kobo,blocked,0,7,title; authors; publisher; origin; date_of_publication; language; genres,0,0,0,0,10,,,data
9589,9780373272259,,kobo,skipped,0,0,,0,0,0,0,1,,,data
9590,9780380815524,,kobo,skipped,0,0,,0,0,0,0,1,,,data
9591,9780449148525,,kobo,blocked,0,7,title; authors; publisher; origin; date_of_publication; language; genres,0,0,0,0,10,,,data
9592,9780743208031,,kobo,skipped,0,0,,0,0,0,0,1,,,data
9593,9780441872862,,kobo,skipped,0,0,,0,0,0,0,1,,,data
9594,9780886774073,,kobo,blocked,0,7,title; authors; publisher; origin; date_of_publication; language; genres,0,0,0,0,10,,,data
9595,9780886772024,,kobo,skipped,0,0,,0,0,0,0,1,,,data
9596,9780812571899,,kobo,skipped,0,0,,0,0,0,0,1,,,data
9597,9780886772307,,kobo,blocked,0,7,title; authors; publisher; origin; date_of_publication; language; genres,0,0,0,0,10,,,data
9598,9780812540369,,kobo,skipped,0,0,,0,0,0,0,1,,,data
9599,9780688046552,,kobo,blocked,0,7,title; authors; publisher; origin; date_of_publication; language; genres,0,0,0,0,10,,,data
9600,9780446600385,,kobo,blocked,0,7,title; authors; publisher; origin; date_of_publication; language; genres,0,0,0,0,10,,,data
9601,9780380812554,,kobo,partial,6,7,origin,1,0,3,74,13,https://www.kobo.com/us/en/ebook/wish-you-were-here-5,,data
9602,9780821768426,,kobo,skipped,0,0,,0,0,0,0,1,,,data
9603,9780006269281,,kobo,blocked,0,7,title; authors; publisher; origin; date_of_publication; language; genres,0,0,0,0,10,,,data
9604,9781551665580,,kobo,partial,6,7,origin,2,0,2,731,11,https://www.kobo.com/us/en/ebook/almost-forever-8,,data
9605,9780670805716,,kobo,skipped,0,0,,0,0,0,0,1,,,data
9606,9780345275479,,kobo,blocked,0,7,title; authors; publisher; origin; date_of_publication; language; genres,0,0,0,0,10,,,data
9607,9780393036596,,kobo,blocked,0,7,title; authors; publisher; origin; date_of_publication; language; genres,0,0,0,0,10,,,data
9608,9780739438206,,kobo,partial,6,7,origin,2,2,3,951,10,https://www.kobo.com/us/en/ebook/shotgun-bride-8,,data
9609,9780702222993,,kobo,blocked,0,7,title; authors; publisher; origin; date_of_publication; language; genres,0,0,0,0,10,,,data
9610,9780445208445,,kobo,skipped,0,0,,0,0,0,0,1,,,data
9611,9780671618315,,kobo,skipped,0,0,,0,0,0,0,1,,,data
9612,9780373057962,,kobo,blocked,0,7,title; authors; publisher; origin; date_of_publication; language; genres,0,0,0,0,10,,,data
9613,9780446328982,,kobo,skipped,0,0,,0,0,0,0,1,,,data
9614,9780609607053,,kobo,skipped,0,0,,0,0,0,0,1,,,data
9615,9780553343588,,kobo,blocked,0,7,title; authors; publisher; origin; date_of_publication; language; genres,0,0,0,0,10,,,data
9616,9780373244850,,kobo,skipped,0,0,,0,0,0,0,1,,,data
9617,9780139218835,,kobo,blocked,0,7,title; authors; publisher; origin; date_of_publication; language; genres,0,0,0,0,10,,,data
9618,9780843774030,,kobo,blocked,0,7,title; authors; publisher; origin; date_of_publication; language; genres,0,0,0,0,10,,,data
9619,9781555215590,,kobo,blocked,0,7,title; authors; publisher; origin; date_of_publication; language; genres,0,0,0,0,10,,,data
9620,9780747273509,,kobo,blocked,0,7,title; authors; publisher; origin; date_of_publication; language; genres,0,0,0,0,10,,,data
9621,9780345281395,,kobo,blocked,0,7,title; authors; publisher; origin; date_of_publication; language; genres,0,0,0,0,10,,,data
9622,9780897212175,,kobo,skipped,0,0,,0,0,0,0,1,,,data
9623,9780380795055,,kobo,skipped,0,0,,0,0,0,0,1,,,data
9624,9780439098236,,kobo,skipped,0,0,,0,0,0,0,1,,,data
9625,9783442426188,,kobo,skipped,0,0,,0,0,0,0,1,,,data
9626,9782877142939,,kobo,blocked,0,7,title; authors; publisher; origin; date_of_publication; language; genres,0,0,0,0,10,,,data
9627,9780453005753,,kobo,skipped,0,0,,0,0,0,0,1,,,data
9628,9780606189958,,kobo,skipped,0,0,,0,0,0,0,1,,,data
9629,9782877141598,,kobo,blocked,0,7,title; authors; publisher; origin; date_of_publication; language; genres,0,0,0,0,10,,,data
9630,9781558533639,,kobo,blocked,0,7,title; authors; publisher; origin; date_of_publication; language; genres,0,0,0,0,10,,,data
9631,9780373272471,,kobo,skipped,0,0,,0,0,0,0,1,,,data
9632,9780340128725,,kobo,blocked,0,7,title; authors; publisher; origin; date_of_publication; language; genres,0,0,0,0,10,,,data
9633,9780486202235,,kobo,partial,6,7,origin,2,0,5,1848,11,https://www.kobo.com/us/en/ebook/the-common-spiders-of-the-united-states-7,,data
9634,9780373270859,,kobo,partial,6,7,origin,1,0,1,351,11,https://www.kobo.com/us/en/audiobook/egan-cassidy-s-kid-3,,data
9635,9780871881045,,kobo,partial,6,7,origin,1,0,2,360,11,https://www.kobo.com/us/en/audiobook/city-of-sorcery-2,,data
9636,9780310468424,,kobo,blocked,0,7,title; authors; publisher; origin; date_of_publication; language; genres,0,0,0,0,10,,,data
9637,9780440206361,,kobo,blocked,0,7,title; authors; publisher; origin; date_of_publication; language; genres,0,0,0,0,10,,,data
9638,9783596134199,,kobo,blocked,0,7,title; authors; publisher; origin; date_of_publication; language; genres,0,0,0,0,10,,,data
9639,9780688087272,,kobo,partial,6,7,origin,2,0,5,640,11,https://www.kobo.com/us/en/ebook/prince-of-chaos-1,,data
9640,9783442541935,,kobo,skipped,0,0,,0,0,0,0,1,,,data
9641,9780684854878,,kobo,blocked,0,7,title; authors; publisher; origin; date_of_publication; language; genres,0,0,0,0,10,,,data
9642,9780801483899,,kobo,skipped,0,0,,0,0,0,0,1,,,data
9643,9780688087265,,kobo,skipped,0,0,,0,0,0,0,1,,,data
9644,9780671695712,,kobo,blocked,0,7,title; authors; publisher; origin; date_of_publication; language; genres,0,0,0,0,10,,,data
9645,9780877959267,,kobo,skipped,0,0,,0,0,0,0,1,,,data
9646,9780375415166,,kobo,skipped,0,0,,0,0,0,0,1,,,data
9647,9780877957188,,kobo,skipped,0,0,,0,0,0,0,1,,,data
9648,9780373078196,,kobo,partial,6,7,origin,1,0,5,716,11,https://www.kobo.com/us/en/ebook/a-man-like-morgan-kane,,data
9649,9780385326582,,kobo,skipped,0,0,,0,0,0,0,1,,,data
9650,9780373077076,,kobo,partial,6,7,origin,1,1,4,692,10,https://www.kobo.com/us/en/ebook/blackwood-s-woman,,data
9651,9780060007867,,kobo,blocked,0,7,title; authors; publisher; origin; date_of_publication; language; genres,0,0,0,0,10,,,data
9652,9780395366141,,kobo,partial,6,7,origin,1,0,5,1328,11,https://www.kobo.com/us/en/ebook/the-book-of-lost-tales-part-one-2,,data
9653,9780385230698,,kobo,skipped,0,0,,0,0,0,0,1,,,data
9654,9781580172387,,kobo,blocked,0,7,title; authors; publisher; origin; date_of_publication; language; genres,0,0,0,0,10,,,data
9655,9780385286398,,kobo,partial,6,7,origin,2,0,4,1562,11,https://www.kobo.com/us/en/ebook/mazes-and-monsters-3,,data
9656,9780060183820,,kobo,blocked,0,7,title; authors; publisher; origin; date_of_publication; language; genres,0,0,0,0,10,,,data
9657,9780395355367,,kobo,partial,6,7,origin,1,0,3,1504,10,https://www.kobo.com/us/en/ebook/the-dungeon-master-5,,data
9658,9780448095707,,kobo,blocked,0,7,title; authors; publisher; origin; date_of_publication; language; genres,0,0,0,0,10,,,data
9659,9780684852980,,kobo,skipped,0,0,,0,0,0,0,1,,,data
9660,9780743252140,,kobo,skipped,0,0,,0,0,0,0,1,,,data
9661,9788432206818,,kobo,skipped,0,0,,0,0,0,0,1,,,data
9662,9780553570939,,kobo,skipped,0,0,,0,0,0,0,1,,,data
9663,9780345462152,,kobo,skipped,0,0,,0,0,0,0,1,,,data
9664,9780836269130,,kobo,blocked,0,7,title; authors; publisher; origin; date_of_publication; language; genres,0,0,0,0,10,,,data
9665,9780373258970,,kobo,skipped,0,0,,0,0,0,0,1,,,data
9666,9780449006368,,kobo,partial,6,7,origin,1,0,3,994,11,https://www.kobo.com/us/en/ebook/the-duke-3,,data
9667,9781567310801,,kobo,partial,6,7,origin,2,1,4,740,10,https://www.kobo.com/us/en/ebook/you-only-live-twice-26,,data
9668,9780740710209,,kobo,blocked,0,7,title; authors; publisher; origin; date_of_publication; language; genres,0,0,0,0,10,,,data
9669,9782253037323,,kobo,skipped,0,0,,0,0,0,0,1,,,data
9670,9780345315601,,kobo,skipped,0,0,,0,0,0,0,1,,,data
9671,9780375814891,,kobo,skipped,0,0,,0,0,0,0,1,,,data
9672,9782070404490,,kobo,blocked,0,7,title; authors; publisher; origin; date_of_publication; language; genres,0,0,0,0,10,,,data
9673,9780373258987,,kobo,partial,6,7,origin,1,0,4,627,11,https://www.kobo.com/us/en/ebook/jordan-16,,data
9674,9780821724255,,kobo,skipped,0,0,,0,0,0,0,1,,,data
9675,9780967431505,,kobo,blocked,0,7,title; authors; publisher; origin; date_of_publication; language; genres,0,0,0,0,10,,,data
9676,9780373258888,,kobo,partial,6,7,origin,1,0,3,686,11,https://www.kobo.com/us/en/ebook/boone-s-bounty-3,,data
9677,9780898653793,,kobo,partial,6,7,origin,1,0,5,174,11,https://www.kobo.com/us/en/audiobook/myth-ing-persons-1,,data
9678,9780375814914,,kobo,skipped,0,0,,0,0,0,0,1,,,data
9679,9780307475077,,kobo,blocked,0,7,title; authors; publisher; origin; date_of_publication; language; genres,0,0,0,0,10,,,data
9680,9780446527767,,kobo,skipped,0,0,,0,0,0,0,1,,,data
9681,9780739301913,,kobo,skipped,0,0,,0,0,0,0,1,,,data
9682,9780807101506,,kobo,skipped,0,0,,0,0,0,0,1,,,data
9683,9780312275181,,kobo,skipped,0,0,,0,0,0,0,1,,,data
9684,9780964731349,,kobo,blocked,0,7,title; authors; publisher; origin; date_of_publication; language; genres,0,0,0,0,10,,,data
9685,9780471149637,,kobo,blocked,0,7,title; authors; publisher; origin; date_of_publication; language; genres,0,0,0,0,10,,,data
9686,9780449210840,,kobo,blocked,0,7,title; authors; publisher; origin; date_of_publication; language; genres,0,0,0,0,10,,,data
9687,9780903505437,,kobo,blocked,0,7,title; authors; publisher; origin; date_of_publication; language; genres,0,0,0,0,10,,,data
9688,9781841881485,,kobo,blocked,0,7,title; authors; publisher; origin; date_of_publication; language; genres,0,0,0,0,10,,,data
9689,9780517886533,,kobo,skipped,0,0,,0,0,0,0,1,,,data
9690,9781571517135,,kobo,blocked,0,7,title; authors; publisher; origin; date_of_publication; language; genres,0,0,0,0,10,,,data
9691,9780671875121,,kobo,partial,6,7,origin,1,1,3,647,10,https://www.kobo.com/us/en/ebook/the-rogue-8,,data
9692,9780441898541,,kobo,partial,6,7,origin,1,1,2,1261,10,https://www.kobo.com/us/en/ebook/the-witches-of-karres-1,,data
9693,9781585420049,,kobo,skipped,0,0,,0,0,0,0,1,,,data
9694,9780794401498,,kobo,blocked,0,7,title; authors; publisher; origin; date_of_publication; language; genres,0,0,0,0,10,,,data
9695,9780843935585,,kobo,skipped,0,0,,0,0,0,0,1,,,data
9696,9780525444473,,kobo,blocked,0,7,title; authors; publisher; origin; date_of_publication; language; genres,0,0,0,0,10,,,data
9697,9780441138074,,kobo,blocked,0,7,title; authors; publisher; origin; date_of_publication; language; genres,0,0,0,0,10,,,data
9698,9781566933070,,kobo,blocked,0,7,title; authors; publisher; origin; date_of_publication; language; genres,0,0,0,0,10,,,data
9699,9780393313482,,kobo,partial,6,7,origin,1,2,8,1132,10,https://www.kobo.com/us/en/ebook/women-s-work-the-first-20-000-years-women-cloth-and-society-in-early-times,,data
9700,9780062516633,,kobo,blocked,0,7,title; authors; publisher; origin; date_of_publication; language; genres,0,0,0,0,10,,,data
9701,9780394873329,,kobo,skipped,0,0,,0,0,0,0,1,,,data
9702,9780739424995,,kobo,skipped,0,0,,0,0,0,0,1,,,data
9703,9781400031214,,kobo,skipped,0,0,,0,0,0,0,1,,,data
9704,9780884046417,,kobo,partial,6,7,origin,10,1,5,3932,10,https://www.kobo.com/us/en/ebook/l-ron-hubbard-presents-writers-of-the-future-volume-39,,data
9705,9780312054670,,kobo,blocked,0,7,title; authors; publisher; origin; date_of_publication; language; genres,0,0,0,0,10,,,data
9706,9780689835605,,kobo,blocked,0,7,title; authors; publisher; origin; date_of_publication; language; genres,0,0,0,0,10,,,data
9707,9780571136933,,kobo,blocked,0,7,title; authors; publisher; origin; date_of_publication; language; genres,0,0,0,0,11,,,data
9708,9781581170245,,kobo,skipped,0,0,,0,0,0,0,1,,,data
9709,9780385488594,,kobo,skipped,0,0,,0,0,0,0,1,,,data
9710,9780380806218,,kobo,blocked,0,7,title; authors; publisher; origin; date_of_publication; language; genres,0,0,0,0,11,,,data
9711,9780671877187,,kobo,blocked,0,7,title; authors; publisher; origin; date_of_publication; language; genres,0,0,0,0,11,,,data
9712,9780345395351,,kobo,blocked,0,7,title; authors; publisher; origin; date_of_publication; language; genres,0,0,0,0,11,,,data
9713,9781556612886,,kobo,blocked,0,7,title; authors; publisher; origin; date_of_publication; language; genres,0,0,0,0,11,,,data
9714,9781556610844,,kobo,blocked,0,7,title; authors; publisher; origin; date_of_publication; language; genres,0,0,0,0,11,,,data
9715,9780373764105,,kobo,skipped,0,0,,0,0,0,0,1,,,data
9716,9781556610004,,kobo,blocked,0,7,title; authors; publisher; origin; date_of_publication; language; genres,0,0,0,0,11,,,data
9717,9780380717392,,kobo,blocked,0,7,title; authors; publisher; origin; date_of_publication; language; genres,0,0,0,0,11,,,data
9718,9780373272297,,kobo,skipped,0,0,,0,0,0,0,1,,,data
9719,9780871239778,,kobo,blocked,0,7,title; authors; publisher; origin; date_of_publication; language; genres,0,0,0,0,11,,,data
9720,9780891374145,,kobo,blocked,0,7,title; authors; publisher; origin; date_of_publication; language; genres,0,0,0,0,11,,,data
9721,9780373764976,,kobo,skipped,0,0,,0,0,0,0,1,,,data
9722,9781569247877,,kobo,blocked,0,7,title; authors; publisher; origin; date_of_publication; language; genres,0,0,0,0,11,,,data
9723,9780553288032,,kobo,blocked,0,7,title; authors; publisher; origin; date_of_publication; language; genres,0,0,0,0,11,,,data
9724,9783798703315,,kobo,blocked,0,7,title; authors; publisher; origin; date_of_publication; language; genres,0,0,0,0,11,,,data
9725,9780440226154,,kobo,blocked,0,7,title; authors; publisher; origin; date_of_publication; language; genres,0,0,0,0,11,,,data
9726,9781580625821,,kobo,blocked,0,7,title; authors; publisher; origin; date_of_publication; language; genres,0,0,0,0,11,,,data
9727,9780060185107,,kobo,skipped,0,0,,0,0,0,0,1,,,data
9728,9780373484362,,kobo,skipped,0,0,,0,0,0,0,1,,,data
9729,9780373272440,,kobo,skipped,0,0,,0,0,0,0,1,,,data
9730,9780671737672,,kobo,skipped,0,0,,0,0,0,0,1,,,data
9731,9781569247778,,kobo,blocked,0,7,title; authors; publisher; origin; date_of_publication; language; genres,0,0,0,0,11,,,data
9732,9780224014793,,kobo,blocked,0,7,title; authors; publisher; origin; date_of_publication; language; genres,0,0,0,0,11,,,data
9733,9780312998813,,kobo,skipped,0,0,,0,0,0,0,1,,,data
9734,9781580174480,,kobo,skipped,0,0,,0,0,0,0,1,,,data
9735,9780712646932,,kobo,blocked,0,7,title; authors; publisher; origin; date_of_publication; language; genres,0,0,0,0,11,,,data
9736,9780440219477,,kobo,skipped,0,0,,0,0,0,0,1,,,data
9737,9780450485541,,kobo,skipped,0,0,,0,0,0,0,1,,,data
9738,9780345347213,,kobo,blocked,0,7,title; authors; publisher; origin; date_of_publication; language; genres,0,0,0,0,11,,,data
9739,9780310951858,,kobo,skipped,0,0,,0,0,0,0,1,,,data
9740,9780304291946,,kobo,skipped,0,0,,0,0,0,0,1,,,data
9741,9780874775617,,kobo,blocked,0,7,title; authors; publisher; origin; date_of_publication; language; genres,0,0,0,0,11,,,data
9742,9780373762880,,kobo,blocked,0,7,title; authors; publisher; origin; date_of_publication; language; genres,0,0,0,0,11,,,data
9743,9780553352665,,kobo,skipped,0,0,,0,0,0,0,1,,,data
9744,9780972384209,,kobo,blocked,0,7,title; authors; publisher; origin; date_of_publication; language; genres,0,0,0,0,11,,,data
9745,9780340201572,,kobo,skipped,0,0,,0,0,0,0,1,,,data
9746,9780882073446,,kobo,blocked,0,7,title; authors; publisher; origin; date_of_publication; language; genres,0,0,0,0,11,,,data
9747,9780340596166,,kobo,skipped,0,0,,0,0,0,0,1,,,data
9748,9781578562312,,kobo,blocked,0,7,title; authors; publisher; origin; date_of_publication; language; genres,0,0,0,0,11,,,data
9749,9780712638319,,kobo,skipped,0,0,,0,0,0,0,1,,,data
9750,9780333539095,,kobo,blocked,0,7,title; authors; publisher; origin; date_of_publication; language; genres,0,0,0,0,11,,,data
9751,9780553290493,,kobo,blocked,0,7,title; authors; publisher; origin; date_of_publication; language; genres,0,0,0,0,11,,,data
9752,9780140312669,,kobo,blocked,0,7,title; authors; publisher; origin; date_of_publication; language; genres,0,0,0,0,11,,,data
9753,9780002210478,,kobo,blocked,0,7,title; authors; publisher; origin; date_of_publication; language; genres,0,0,0,0,11,,,data
9754,9780425045435,,kobo,skipped,0,0,,0,0,0,0,1,,,data
9755,9780451208248,,kobo,blocked,0,7,title; authors; publisher; origin; date_of_publication; language; genres,0,0,0,0,11,,,data
9756,9780394524290,,kobo,blocked,0,7,title; authors; publisher; origin; date_of_publication; language; genres,0,0,0,0,11,,,data
9757,9789727110100,,kobo,blocked,0,7,title; authors; publisher; origin; date_of_publication; language; genres,0,0,0,0,11,,,data
9758,9780551027503,,kobo,blocked,0,7,title; authors; publisher; origin; date_of_publication; language; genres,0,0,0,0,11,,,data
9759,9780312130817,,kobo,blocked,0,7,title; authors; publisher; origin; date_of_publication; language; genres,0,0,0,0,11,,,data
9760,9780684834221,,kobo,skipped,0,0,,0,0,0,0,1,,,data
9761,9781853024719,,kobo,blocked,0,7,title; authors; publisher; origin; date_of_publication; language; genres,0,0,0,0,11,,,data
9762,9780877013686,,kobo,blocked,0,7,title; authors; publisher; origin; date_of_publication; language; genres,0,0,0,0,11,,,data
9763,9780505523983,,kobo,blocked,0,7,title; authors; publisher; origin; date_of_publication; language; genres,0,0,0,0,11,,,data
9764,9780932096098,,kobo,skipped,0,0,,0,0,0,0,1,,,data
9765,9780971447325,,kobo,blocked,0,7,title; authors; publisher; origin; date_of_publication; language; genres,0,0,0,0,11,,,data
9766,9780884043799,,kobo,blocked,0,7,title; authors; publisher; origin; date_of_publication; language; genres,0,0,0,0,11,,,data
9767,9780877932123,,kobo,skipped,0,0,,0,0,0,0,1,,,data
9768,9780385314343,,kobo,skipped,0,0,,0,0,0,0,1,,,data
9769,9780373258994,,kobo,blocked,0,7,title; authors; publisher; origin; date_of_publication; language; genres,0,0,0,0,11,,,data
9770,9780425171905,,kobo,blocked,0,7,title; authors; publisher; origin; date_of_publication; language; genres,0,0,0,0,11,,,data
9771,9780812572339,,kobo,blocked,0,7,title; authors; publisher; origin; date_of_publication; language; genres,0,0,0,0,11,,,data
9772,9780736412612,,kobo,blocked,0,7,title; authors; publisher; origin; date_of_publication; language; genres,0,0,0,0,11,,,data
9773,9780380808182,,kobo,blocked,0,7,title; authors; publisher; origin; date_of_publication; language; genres,0,0,0,0,11,,,data
9774,9780373613816,,kobo,blocked,0,7,title; authors; publisher; origin; date_of_publication; language; genres,0,0,0,0,11,,,data
9775,9780028632674,,kobo,blocked,0,7,title; authors; publisher; origin; date_of_publication; language; genres,0,0,0,0,11,,,data
9776,9780345275394,,kobo,blocked,0,7,title; authors; publisher; origin; date_of_publication; language; genres,0,0,0,0,11,,,data
9777,9780933855076,,kobo,blocked,0,7,title; authors; publisher; origin; date_of_publication; language; genres,0,0,0,0,11,,,data
9778,9780395299173,,kobo,skipped,0,0,,0,0,0,0,1,,,data
9779,9780964140912,,kobo,blocked,0,7,title; authors; publisher; origin; date_of_publication; language; genres,0,0,0,0,11,,,data
9780,9780785100331,,kobo,skipped,0,0,,0,0,0,0,1,,,data
9781,9780395276280,,kobo,blocked,0,7,title; authors; publisher; origin; date_of_publication; language; genres,0,0,0,0,11,,,data
9782,9780395253601,,kobo,blocked,0,7,title; authors; publisher; origin; date_of_publication; language; genres,0,0,0,0,11,,,data
9783,9780441078981,,kobo,blocked,0,7,title; authors; publisher; origin; date_of_publication; language; genres,0,0,0,0,11,,,data
9784,9781929180127,,kobo,blocked,0,7,title; authors; publisher; origin; date_of_publication; language; genres,0,0,0,0,11,,,data
9785,9780821754191,,kobo,skipped,0,0,,0,0,0,0,1,,,data
9786,9780394278308,,kobo,blocked,0,7,title; authors; publisher; origin; date_of_publication; language; genres,0,0,0,0,11,,,data
9787,9780817455453,,kobo,blocked,0,7,title; authors; publisher; origin; date_of_publication; language; genres,0,0,0,0,11,,,data
9788,9780448164557,,kobo,blocked,0,7,title; authors; publisher; origin; date_of_publication; language; genres,0,0,0,0,11,,,data
9789,9780395249819,,kobo,blocked,0,7,title; authors; publisher; origin; date_of_publication; language; genres,0,0,0,0,11,,,data
9790,9780395284285,,kobo,blocked,0,7,title; authors; publisher; origin; date_of_publication; language; genres,0,0,0,0,11,,,data
9791,9780764560798,,kobo,blocked,0,7,title; authors; publisher; origin; date_of_publication; language; genres,0,0,0,0,11,,,data
9792,9780425057612,,kobo,skipped,0,0,,0,0,0,0,1,,,data
9793,9780373264094,,kobo,skipped,0,0,,0,0,0,0,1,,,data
9794,9780439568456,,kobo,skipped,0,0,,0,0,0,0,1,,,data
9795,9781570670091,,kobo,blocked,0,7,title; authors; publisher; origin; date_of_publication; language; genres,0,0,0,0,11,,,data
9796,9780931411199,,kobo,blocked,0,7,title; authors; publisher; origin; date_of_publication; language; genres,0,0,0,0,11,,,data
9797,9780935526370,,kobo,blocked,0,7,title; authors; publisher; origin; date_of_publication; language; genres,0,0,0,0,11,,,data
9798,9780060158651,,kobo,blocked,0,7,title; authors; publisher; origin; date_of_publication; language; genres,0,0,0,0,11,,,data
9799,9780451519320,,kobo,blocked,0,7,title; authors; publisher; origin; date_of_publication; language; genres,0,0,0,0,11,,,data
9800,9780899972138,,kobo,skipped,0,0,,0,0,0,0,1,,,data
9801,9781880032756,,kobo,blocked,0,7,title; authors; publisher; origin; date_of_publication; language; genres,0,0,0,0,11,,,data
9802,9780380001989,,kobo,skipped,0,0,,0,0,0,0,1,,,data
9803,9781401902803,,kobo,blocked,0,7,title; authors; publisher; origin; date_of_publication; language; genres,0,0,0,0,11,,,data
9804,9780525442387,,kobo,blocked,0,7,title; authors; publisher; origin; date_of_publication; language; genres,0,0,0,0,11,,,data
9805,9780140234855,,kobo,blocked,0,7,title; authors; publisher; origin; date_of_publication; language; genres,0,0,0,0,11,,,data
9806,9780060532680,,kobo,skipped,0,0,,0,0,0,0,1,,,data
9807,9780201091472,,kobo,skipped,0,0,,0,0,0,0,1,,,data
9808,9780380808014,,kobo,blocked,0,7,title; authors; publisher; origin; date_of_publication; language; genres,0,0,0,0,11,,,data
9809,9780618176762,,kobo,skipped,0,0,,0,0,0,0,1,,,data
9810,9780884113867,,kobo,blocked,0,7,title; authors; publisher; origin; date_of_publication; language; genres,0,0,0,0,11,,,data
9811,9780380787562,,kobo,skipped,0,0,,0,0,0,0,1,,,data
9812,9780553213485,,kobo,skipped,0,0,,0,0,0,0,1,,,data
9813,9780618176748,,kobo,blocked,0,7,title; authors; publisher; origin; date_of_publication; language; genres,0,0,0,0,11,,,data
9814,9780768204766,,kobo,blocked,0,7,title; authors; publisher; origin; date_of_publication; language; genres,0,0,0,0,11,,,data
9815,9780821770795,,kobo,skipped,0,0,,0,0,0,0,1,,,data
9816,9781564405272,,kobo,blocked,0,7,title; authors; publisher; origin; date_of_publication; language; genres,0,0,0,0,11,,,data
9817,9780451458100,,kobo,blocked,0,7,title; authors; publisher; origin; date_of_publication; language; genres,0,0,0,0,11,,,data
9818,9780789717962,,kobo,blocked,0,7,title; authors; publisher; origin; date_of_publication; language; genres,0,0,0,0,11,,,data
9819,9780816024025,,kobo,blocked,0,7,title; authors; publisher; origin; date_of_publication; language; genres,0,0,0,0,11,,,data
9820,9780060166038,,kobo,blocked,0,7,title; authors; publisher; origin; date_of_publication; language; genres,0,0,0,0,11,,,data
9821,9780061084171,,kobo,blocked,0,7,title; authors; publisher; origin; date_of_publication; language; genres,0,0,0,0,11,,,data
9822,9780316920292,,kobo,skipped,0,0,,0,0,0,0,1,,,data
9823,9780631175018,,kobo,blocked,0,7,title; authors; publisher; origin; date_of_publication; language; genres,0,0,0,0,11,,,data
9824,9780671798567,,kobo,blocked,0,7,title; authors; publisher; origin; date_of_publication; language; genres,0,0,0,0,11,,,data
9825,9780152001308,,kobo,blocked,0,7,title; authors; publisher; origin; date_of_publication; language; genres,0,0,0,0,11,,,data
9826,9780375801600,,kobo,blocked,0,7,title; authors; publisher; origin; date_of_publication; language; genres,0,0,0,0,11,,,data
9827,9780397324262,,kobo,skipped,0,0,,0,0,0,0,1,,,data
9828,9780679752554,,kobo,blocked,0,7,title; authors; publisher; origin; date_of_publication; language; genres,0,0,0,0,11,,,data
9829,9780140268218,,kobo,blocked,0,7,title; authors; publisher; origin; date_of_publication; language; genres,0,0,0,0,11,,,data
9830,9780439496872,,kobo,blocked,0,7,title; authors; publisher; origin; date_of_publication; language; genres,0,0,0,0,11,,,data
9831,9780345353764,,kobo,skipped,0,0,,0,0,0,0,1,,,data
9832,9780671034788,,kobo,blocked,0,7,title; authors; publisher; origin; date_of_publication; language; genres,0,0,0,0,11,,,data
9833,9780671737689,,kobo,skipped,0,0,,0,0,0,0,1,,,data
9834,9780373217359,,kobo,blocked,0,7,title; authors; publisher; origin; date_of_publication; language; genres,0,0,0,0,11,,,data
9835,9780786709533,,kobo,skipped,0,0,,0,0,0,0,1,,,data
9836,9780684869162,,kobo,skipped,0,0,,0,0,0,0,1,,,data
9837,9780590442923,,kobo,blocked,0,7,title; authors; publisher; origin; date_of_publication; language; genres,0,0,0,0,11,,,data
9838,9780142501559,,kobo,skipped,0,0,,0,0,0,0,1,,,data
9839,9780373241330,,kobo,blocked,0,7,title; authors; publisher; origin; date_of_publication; language; genres,0,0,0,0,11,,,data
9840,9780060520465,,kobo,skipped,0,0,,0,0,0,0,1,,,data
9841,9780671676865,,kobo,skipped,0,0,,0,0,0,0,1,,,data
9842,9780756400439,,kobo,skipped,0,0,,0,0,0,0,1,,,data
9843,9788478886869,,kobo,blocked,0,7,title; authors; publisher; origin; date_of_publication; language; genres,0,0,0,0,11,,,data
9844,9780671676377,,kobo,skipped,0,0,,0,0,0,0,1,,,data
9845,9780786012640,,kobo,skipped,0,0,,0,0,0,0,1,,,data
9846,9781567315332,,kobo,skipped,0,0,,0,0,0,0,1,,,data
9847,9780964628069,,kobo,blocked,0,7,title; authors; publisher; origin; date_of_publication; language; genres,0,0,0,0,11,,,data
9848,9780886778309,,kobo,blocked,0,7,title; authors; publisher; origin; date_of_publication; language; genres,0,0,0,0,11,,,data
9849,9780312317126,,kobo,blocked,0,7,title; authors; publisher; origin; date_of_publication; language; genres,0,0,0,0,11,,,data
9850,9788408017233,,kobo,skipped,0,0,,0,0,0,0,1,,,data
9851,9780425080092,,kobo,blocked,0,7,title; authors; publisher; origin; date_of_publication; language; genres,0,0,0,0,11,,,data
9852,9788432204760,,kobo,blocked,0,7,title; authors; publisher; origin; date_of_publication; language; genres,0,0,0,0,11,,,data
9853,9780312317119,,kobo,blocked,0,7,title; authors; publisher; origin; date_of_publication; language; genres,0,0,0,0,11,,,data
9854,9780525200154,,kobo,blocked,0,7,title; authors; publisher; origin; date_of_publication; language; genres,0,0,0,0,11,,,data
9855,9788429709414,,kobo,blocked,0,7,title; authors; publisher; origin; date_of_publication; language; genres,0,0,0,0,11,,,data
9856,9780590470704,,kobo,skipped,0,0,,0,0,0,0,1,,,data
9857,9780451520173,,kobo,skipped,0,0,,0,0,0,0,1,,,data
9858,9780312287559,,kobo,blocked,0,7,title; authors; publisher; origin; date_of_publication; language; genres,0,0,0,0,11,,,data
9859,9781581822465,,kobo,blocked,0,7,title; authors; publisher; origin; date_of_publication; language; genres,0,0,0,0,11,,,data
9860,9788408037415,,kobo,blocked,0,7,title; authors; publisher; origin; date_of_publication; language; genres,0,0,0,0,11,,,data
9861,9780449204344,,kobo,blocked,0,7,title; authors; publisher; origin; date_of_publication; language; genres,0,0,0,0,11,,,data
9862,9788432207334,,kobo,blocked,0,7,title; authors; publisher; origin; date_of_publication; language; genres,0,0,0,0,11,,,data
9863,9780449213162,,kobo,blocked,0,7,title; authors; publisher; origin; date_of_publication; language; genres,0,0,0,0,11,,,data
9864,9781584851356,,kobo,blocked,0,7,title; authors; publisher; origin; date_of_publication; language; genres,0,0,0,0,11,,,data
9865,9780590485562,,kobo,blocked,0,7,title; authors; publisher; origin; date_of_publication; language; genres,0,0,0,0,11,,,data
9866,9788433912732,,kobo,skipped,0,0,,0,0,0,0,1,,,data
9867,9781561708291,,kobo,skipped,0,0,,0,0,0,0,1,,,data
9868,9780962743702,,kobo,skipped,0,0,,0,0,0,0,1,,,data
9869,9780679960430,,kobo,blocked,0,7,title; authors; publisher; origin; date_of_publication; language; genres,0,0,0,0,11,,,data
9870,9780380804252,,kobo,skipped,0,0,,0,0,0,0,1,,,data
9871,9780609804162,,kobo,blocked,0,7,title; authors; publisher; origin; date_of_publication; language; genres,0,0,0,0,11,,,data
9872,9780861888955,,kobo,blocked,0,7,title; authors; publisher; origin; date_of_publication; language; genres,0,0,0,0,11,,,data
9873,9780938753698,,kobo,blocked,0,7,title; authors; publisher; origin; date_of_publication; language; genres,0,0,0,0,11,,,data
9874,9780722529607,,kobo,blocked,0,7,title; authors; publisher; origin; date_of_publication; language; genres,0,0,0,0,11,,,data
9875,9781564584922,,kobo,blocked,0,7,title; authors; publisher; origin; date_of_publication; language; genres,0,0,0,0,11,,,data
9876,9788401327186,,kobo,blocked,0,7,title; authors; publisher; origin; date_of_publication; language; genres,0,0,0,0,11,,,data
9877,9780671794705,,kobo,blocked,0,7,title; authors; publisher; origin; date_of_publication; language; genres,0,0,0,0,11,,,data
9878,9788433969026,,kobo,blocked,0,7,title; authors; publisher; origin; date_of_publication; language; genres,0,0,0,0,11,,,data
9879,9780743436083,,kobo,skipped,0,0,,0,0,0,0,1,,,data
9880,9780505519146,,kobo,blocked,0,7,title; authors; publisher; origin; date_of_publication; language; genres,0,0,0,0,11,,,data
9881,9781573220491,,kobo,skipped,0,0,,0,0,0,0,1,,,data
9882,9780446351942,,kobo,blocked,0,7,title; authors; publisher; origin; date_of_publication; language; genres,0,0,0,0,11,,,data
9883,9780380708291,,kobo,blocked,0,7,title; authors; publisher; origin; date_of_publication; language; genres,0,0,0,0,11,,,data
9884,9780821710340,,kobo,blocked,0,7,title; authors; publisher; origin; date_of_publication; language; genres,0,0,0,0,11,,,data
9885,9781564020444,,kobo,blocked,0,7,title; authors; publisher; origin; date_of_publication; language; genres,0,0,0,0,11,,,data
9886,9780345451828,,kobo,blocked,0,7,title; authors; publisher; origin; date_of_publication; language; genres,0,0,0,0,11,,,data
9887,9788423988600,,kobo,blocked,0,7,title; authors; publisher; origin; date_of_publication; language; genres,0,0,0,0,11,,,data
9888,9780671746902,,kobo,skipped,0,0,,0,0,0,0,1,,,data
9889,9780445208810,,kobo,blocked,0,7,title; authors; publisher; origin; date_of_publication; language; genres,0,0,0,0,11,,,data
9890,9788472231634,,kobo,skipped,0,0,,0,0,0,0,1,,,data
9891,9780380755639,,kobo,skipped,0,0,,0,0,0,0,1,,,data
9892,9780307158161,,kobo,blocked,0,7,title; authors; publisher; origin; date_of_publication; language; genres,0,0,0,0,11,,,data
9893,9780590469456,,kobo,blocked,0,7,title; authors; publisher; origin; date_of_publication; language; genres,0,0,0,0,11,,,data
9894,9788484530251,,kobo,skipped,0,0,,0,0,0,0,1,,,data
9895,9788423331970,,kobo,blocked,0,7,title; authors; publisher; origin; date_of_publication; language; genres,0,0,0,0,11,,,data
9896,9780517618134,,kobo,blocked,0,7,title; authors; publisher; origin; date_of_publication; language; genres,0,0,0,0,11,,,data
9897,9788573023350,,kobo,blocked,0,7,title; authors; publisher; origin; date_of_publication; language; genres,0,0,0,0,11,,,data
9898,9780307158277,,kobo,blocked,0,7,title; authors; publisher; origin; date_of_publication; language; genres,0,0,0,0,11,,,data
9899,9780688019853,,kobo,blocked,0,7,title; authors; publisher; origin; date_of_publication; language; genres,0,0,0,0,11,,,data
9900,9788481301632,,kobo,blocked,0,7,title; authors; publisher; origin; date_of_publication; language; genres,0,0,0,0,11,,,data
9901,9788401901607,,kobo,blocked,0,7,title; authors; publisher; origin; date_of_publication; language; genres,0,0,0,0,11,,,data
9902,9780139995668,,kobo,blocked,0,7,title; authors; publisher; origin; date_of_publication; language; genres,0,0,0,0,11,,,data
9903,9780670816453,,kobo,blocked,0,7,title; authors; publisher; origin; date_of_publication; language; genres,0,0,0,0,11,,,data
9904,9780590452137,,kobo,blocked,0,7,title; authors; publisher; origin; date_of_publication; language; genres,0,0,0,0,11,,,data
9905,9780590428903,,kobo,blocked,0,7,title; authors; publisher; origin; date_of_publication; language; genres,0,0,0,0,11,,,data
9906,9780893752446,,kobo,blocked,0,7,title; authors; publisher; origin; date_of_publication; language; genres,0,0,0,0,11,,,data
9907,9780874491937,,kobo,blocked,0,7,title; authors; publisher; origin; date_of_publication; language; genres,0,0,0,0,11,,,data
9908,9788484502524,,kobo,blocked,0,7,title; authors; publisher; origin; date_of_publication; language; genres,0,0,0,0,11,,,data
9909,9780307621146,,kobo,blocked,0,7,title; authors; publisher; origin; date_of_publication; language; genres,0,0,0,0,11,,,data
9910,9780061013652,,kobo,blocked,0,7,title; authors; publisher; origin; date_of_publication; language; genres,0,0,0,0,11,,,data
9911,9780804119566,,kobo,skipped,0,0,,0,0,0,0,1,,,data
9912,9780590102940,,kobo,skipped,0,0,,0,0,0,0,1,,,data
9913,9780440226307,,kobo,blocked,0,7,title; authors; publisher; origin; date_of_publication; language; genres,0,0,0,0,11,,,data
9914,9788478809684,,kobo,skipped,0,0,,0,0,0,0,1,,,data
9915,9780394897486,,kobo,skipped,0,0,,0,0,0,0,1,,,data
9916,9788483731611,,kobo,blocked,0,7,title; authors; publisher; origin; date_of_publication; language; genres,0,0,0,0,11,,,data
9917,9780786001828,,kobo,skipped,0,0,,0,0,0,0,1,,,data
9918,9788484505341,,kobo,blocked,0,7,title; authors; publisher; origin; date_of_publication; language; genres,0,0,0,0,11,,,data
9919,9780590451741,,kobo,blocked,0,7,title; authors; publisher; origin; date_of_publication; language; genres,0,0,0,0,11,,,data
9920,9780440507185,,kobo,skipped,0,0,,0,0,0,0,1,,,data
9921,9780671534820,,kobo,skipped,0,0,,0,0,0,0,1,,,data
9922,9780316111201,,kobo,blocked,0,7,title; authors; publisher; origin; date_of_publication; language; genres,0,0,0,0,11,,,data
9923,9788495359469,,kobo,blocked,0,7,title; authors; publisher; origin; date_of_publication; language; genres,0,0,0,0,11,,,data
9924,9780517566466,,kobo,blocked,0,7,title; authors; publisher; origin; date_of_publication; language; genres,0,0,0,0,11,,,data
9925,9780756401115,,kobo,blocked,0,7,title; authors; publisher; origin; date_of_publication; language; genres,0,0,0,0,11,,,data
9926,9780689714139,,kobo,blocked,0,7,title; authors; publisher; origin; date_of_publication; language; genres,0,0,0,0,11,,,data
9927,9780739404638,,kobo,skipped,0,0,,0,0,0,0,1,,,data
9928,9781581127126,,kobo,blocked,0,7,title; authors; publisher; origin; date_of_publication; language; genres,0,0,0,0,11,,,data
9929,9780440228486,,kobo,skipped,0,0,,0,0,0,0,1,,,data
9930,9780690044287,,kobo,skipped,0,0,,0,0,0,0,1,,,data
9931,9788476516416,,kobo,skipped,0,0,,0,0,0,0,1,,,data
9932,9780690045239,,kobo,blocked,0,7,title; authors; publisher; origin; date_of_publication; language; genres,0,0,0,0,11,,,data
9933,9780307100634,,kobo,blocked,0,7,title; authors; publisher; origin; date_of_publication; language; genres,0,0,0,0,11,,,data
9934,9783821818276,,kobo,blocked,0,7,title; authors; publisher; origin; date_of_publication; language; genres,0,0,0,0,11,,,data
9935,9780961474614,,kobo,blocked,0,7,title; authors; publisher; origin; date_of_publication; language; genres,0,0,0,0,11,,,data
9936,9788423334445,,kobo,blocked,0,7,title; authors; publisher; origin; date_of_publication; language; genres,0,0,0,0,11,,,data
9937,9783442094127,,kobo,blocked,0,7,title; authors; publisher; origin; date_of_publication; language; genres,0,0,0,0,11,,,data
9938,9780373484751,,kobo,blocked,0,7,title; authors; publisher; origin; date_of_publication; language; genres,0,0,0,0,11,,,data
9939,9788479017255,,kobo,blocked,0,7,title; authors; publisher; origin; date_of_publication; language; genres,0,0,0,0,11,,,data
9940,9780590379304,,kobo,blocked,0,7,title; authors; publisher; origin; date_of_publication; language; genres,0,0,0,0,11,,,data
9941,9788420465531,,kobo,blocked,0,7,title; authors; publisher; origin; date_of_publication; language; genres,0,0,0,0,11,,,data
9942,9780441338504,,kobo,blocked,0,7,title; authors; publisher; origin; date_of_publication; language; genres,0,0,0,0,11,,,data
9943,9780394868776,,kobo,blocked,0,7,title; authors; publisher; origin; date_of_publication; language; genres,0,0,0,0,11,,,data
9944,9781854878731,,kobo,skipped,0,0,,0,0,0,0,1,,,data
9945,9780394747705,,kobo,blocked,0,7,title; authors; publisher; origin; date_of_publication; language; genres,0,0,0,0,11,,,data
9946,9782707311740,,kobo,blocked,0,7,title; authors; publisher; origin; date_of_publication; language; genres,0,0,0,0,11,,,data
9947,9782020338349,,kobo,blocked,0,7,title; authors; publisher; origin; date_of_publication; language; genres,0,0,0,0,11,,,data
9948,9780064442640,,kobo,blocked,0,7,title; authors; publisher; origin; date_of_publication; language; genres,0,0,0,0,11,,,data
9949,9782267015959,,kobo,blocked,0,7,title; authors; publisher; origin; date_of_publication; language; genres,0,0,0,0,11,,,data
9950,9780064442374,,kobo,blocked,0,7,title; authors; publisher; origin; date_of_publication; language; genres,0,0,0,0,11,,,data
9951,9788429744309,,kobo,blocked,0,7,title; authors; publisher; origin; date_of_publication; language; genres,0,0,0,0,11,,,data
9952,9780140320848,,kobo,blocked,0,7,title; authors; publisher; origin; date_of_publication; language; genres,0,0,0,0,11,,,data
9953,9780307020413,,kobo,blocked,0,7,title; authors; publisher; origin; date_of_publication; language; genres,0,0,0,0,11,,,data
9954,9788484321781,,kobo,blocked,0,7,title; authors; publisher; origin; date_of_publication; language; genres,0,0,0,0,11,,,data
9955,9780786004034,,kobo,blocked,0,7,title; authors; publisher; origin; date_of_publication; language; genres,0,0,0,0,11,,,data
9956,9780375802157,,kobo,blocked,0,7,title; authors; publisher; origin; date_of_publication; language; genres,0,0,0,0,11,,,data
9957,9780307010339,,kobo,blocked,0,7,title; authors; publisher; origin; date_of_publication; language; genres,0,0,0,0,11,,,data
9958,9782070423125,,kobo,skipped,0,0,,0,0,0,0,1,,,data
9959,9780439098304,,kobo,blocked,0,7,title; authors; publisher; origin; date_of_publication; language; genres,0,0,0,0,11,,,data
9960,9788423990443,,kobo,blocked,0,7,title; authors; publisher; origin; date_of_publication; language; genres,0,0,0,0,11,,,data
9961,9782707302960,,kobo,blocked,0,7,title; authors; publisher; origin; date_of_publication; language; genres,0,0,0,0,11,,,data
9962,9781557739704,,kobo,skipped,0,0,,0,0,0,0,1,,,data
9963,9782868693341,,kobo,blocked,0,7,title; authors; publisher; origin; date_of_publication; language; genres,0,0,0,0,11,,,data
9964,9780307111548,,kobo,blocked,0,7,title; authors; publisher; origin; date_of_publication; language; genres,0,0,0,0,11,,,data
9965,9781887178648,,kobo,blocked,0,7,title; authors; publisher; origin; date_of_publication; language; genres,0,0,0,0,11,,,data
9966,9781558580282,,kobo,blocked,0,7,title; authors; publisher; origin; date_of_publication; language; genres,0,0,0,0,11,,,data
9967,9780828908740,,kobo,blocked,0,7,title; authors; publisher; origin; date_of_publication; language; genres,0,0,0,0,11,,,data
9968,9780821223642,,kobo,blocked,0,7,title; authors; publisher; origin; date_of_publication; language; genres,0,0,0,0,11,,,data
9969,9780316358149,,kobo,blocked,0,7,title; authors; publisher; origin; date_of_publication; language; genres,0,0,0,0,11,,,data
9970,9780312291686,,kobo,blocked,0,7,title; authors; publisher; origin; date_of_publication; language; genres,0,0,0,0,11,,,data
9971,9780689714078,,kobo,blocked,0,7,title; authors; publisher; origin; date_of_publication; language; genres,0,0,0,0,11,,,data
9972,9780690044225,,kobo,blocked,0,7,title; authors; publisher; origin; date_of_publication; language; genres,0,0,0,0,11,,,data
9973,9780679740759,,kobo,skipped,0,0,,0,0,0,0,1,,,data
9974,9780064409094,,kobo,blocked,0,7,title; authors; publisher; origin; date_of_publication; language; genres,0,0,0,0,11,,,data
9975,9780753700648,,kobo,skipped,0,0,,0,0,0,0,1,,,data
9976,9780553352788,,kobo,blocked,0,7,title; authors; publisher; origin; date_of_publication; language; genres,0,0,0,0,11,,,data
9977,9780394715919,,kobo,blocked,0,7,title; authors; publisher; origin; date_of_publication; language; genres,0,0,0,0,11,,,data
9978,9780670876662,,kobo,partial,6,7,origin,1,0,4,911,12,https://www.kobo.com/us/en/ebook/metamorphosis,,data
9979,9780316111195,,kobo,blocked,0,7,title; authors; publisher; origin; date_of_publication; language; genres,0,0,0,0,11,,,data
9980,9780517100899,,kobo,blocked,0,7,title; authors; publisher; origin; date_of_publication; language; genres,0,0,0,0,11,,,data
9981,9780393300925,,kobo,blocked,0,7,title; authors; publisher; origin; date_of_publication; language; genres,0,0,0,0,11,,,data
9982,9780385173971,,kobo,blocked,0,7,title; authors; publisher; origin; date_of_publication; language; genres,0,0,0,0,11,,,data
9983,9780060616342,,kobo,partial,6,7,origin,1,0,8,134,15,https://www.kobo.com/us/en/ebook/excavating-jesus,,data
9984,9780940188037,,kobo,partial,6,7,origin,1,0,4,1699,12,https://www.kobo.com/us/en/ebook/gunfighters,,data
9985,9780307030931,,kobo,blocked,0,7,title; authors; publisher; origin; date_of_publication; language; genres,0,0,0,0,11,,,data
9986,9780671833015,,kobo,skipped,0,0,,0,0,0,0,1,,,data
9987,9780307602183,,kobo,blocked,0,7,title; authors; publisher; origin; date_of_publication; language; genres,0,0,0,0,11,,,data
9988,9781575213163,,kobo,blocked,0,7,title; authors; publisher; origin; date_of_publication; language; genres,0,0,0,0,11,,,data
9989,9780764503702,,kobo,blocked,0,7,title; authors; publisher; origin; date_of_publication; language; genres,0,0,0,0,11,,,data
9990,9780312169923,,kobo,blocked,0,7,title; authors; publisher; origin; date_of_publication; language; genres,0,0,0,0,11,,,data
9991,9781565072350,,kobo,blocked,0,7,title; authors; publisher; origin; date_of_publication; language; genres,0,0,0,0,11,,,data
9992,9780816704194,,kobo,skipped,0,0,,0,0,0,0,1,,,data
9993,9780786887934,,kobo,skipped,0,0,,0,0,0,0,1,,,data
9994,9780671668723,,kobo,skipped,0,0,,0,0,0,0,1,,,data
9995,9780819311191,,kobo,blocked,0,7,title; authors; publisher; origin; date_of_publication; language; genres,0,0,0,0,11,,,data
9996,9780819310279,,kobo,blocked,0,7,title; authors; publisher; origin; date_of_publication; language; genres,0,0,0,0,11,,,data
9997,9780395270660,,kobo,blocked,0,7,title; authors; publisher; origin; date_of_publication; language; genres,0,0,0,0,11,,,data
9998,9780394506579,,kobo,skipped,0,0,,0,0,0,0,1,,,data
9999,9780819309853,,kobo,skipped,0,0,,0,0,0,0,1,,,data
10000,9780819311931,,kobo,blocked,0,7,title; authors; publisher; origin; date_of_publication; language; genres,0,0,0,0,11,,,data
10001,9780553107043,,kobo,skipped,0,0,,0,0,0,0,1,,,data
